sample_count,MAE,RMSE,MAPE,R2,aggregation_method
3600,2.5719357984257054,7.457732619923596,73.26415857622388,0.5049428387869971,time_average
