sample_count,MAE,RMSE,MAPE,R2,aggregation_method
3582,2.274885991174044,4.783408461436167,157.9118411604576,0.8026396107265278,time_average
