sample_count,MAE,RMSE,MAPE,R2,aggregation_method
3564,2.8558357631829776,7.403521662792953,142.46473731956357,0.4301109647972076,time_average
