sample_count,MAE,RMSE,MAPE,R2,aggregation_method
4776,2.075243696951578,6.63214456305762,59.484569958592786,0.7302747211083056,time_average
